[
{
  "model": "auth.user",
  "pk": 1,
  "fields": {
    "password": "pbkdf2_sha256$260000$wkDQh0H0DlA9aVurNkbKY8$Tvo4+TT25kNKFF1sZQ0NlJHYVMOM5UAe42VNeJxmtnY=",
    "last_login": "2022-12-18T22:58:02.841Z",
    "is_superuser": true,
    "username": "admin",
    "first_name": "",
    "last_name": "",
    "email": "ya@ya.ru",
    "is_staff": true,
    "is_active": true,
    "date_joined": "2022-12-18T22:57:29.299Z",
    "groups": [],
    "user_permissions": []
  }
},
{
  "model": "auth.user",
  "pk": 2,
  "fields": {
    "password": "pbkdf2_sha256$260000$Bpi81SWpSA0HDt0G2ofnLt$UdEDuX7nim2Yhd6efVEh86wYueoZVPEI3hdsA1WD3iw=",
    "last_login": null,
    "is_superuser": false,
    "username": "leo",
    "first_name": "Лев",
    "last_name": "Толстой",
    "email": "",
    "is_staff": false,
    "is_active": true,
    "date_joined": "2022-12-18T22:58:32Z",
    "groups": [],
    "user_permissions": []
  }
},
{
  "model": "auth.user",
  "pk": 3,
  "fields": {
    "password": "pbkdf2_sha256$260000$30YLQ8AWERcPtAreVHb3IV$pNwoym7Ukiy8ZNv9L8dF3qMXB4yfJObqIsm/yNu6CrA=",
    "last_login": null,
    "is_superuser": false,
    "username": "anton",
    "first_name": "Антон",
    "last_name": "Чехов",
    "email": "",
    "is_staff": false,
    "is_active": true,
    "date_joined": "2022-12-18T22:58:46Z",
    "groups": [],
    "user_permissions": []
  }
},
{
  "model": "auth.user",
  "pk": 4,
  "fields": {
    "password": "pbkdf2_sha256$260000$bpKvE13bEr0QIlBHTGHT1w$hOiqumJnImTh1RRyS5JYpm3kfT6xjHw7NC8Ss8ePIKY=",
    "last_login": null,
    "is_superuser": false,
    "username": "alex",
    "first_name": "Александр",
    "last_name": "Островский",
    "email": "",
    "is_staff": false,
    "is_active": true,
    "date_joined": "2022-12-18T22:58:58Z",
    "groups": [],
    "user_permissions": []
  }
},
{
  "model": "auth.user",
  "pk": 5,
  "fields": {
    "password": "pbkdf2_sha256$1000000$9CLrraksHOxiLFc4XOpyso$jM5W/dxICT08tN9MZmkJoGEZFbIb7KFq3oROvgOiKSw=",
    "last_login": "2025-12-27T23:00:31.392Z",
    "is_superuser": true,
    "username": "vasya322",
    "first_name": "",
    "last_name": "",
    "email": "vas@gmail.com",
    "is_staff": true,
    "is_active": true,
    "date_joined": "2025-12-15T13:09:15.165Z",
    "groups": [],
    "user_permissions": []
  }
},
{
  "model": "auth.user",
  "pk": 6,
  "fields": {
    "password": "pbkdf2_sha256$1000000$ladQP0OqsSyiY9fr5ceEbu$aO/AwPY5nVctNfcdsdG4D/nPh2K/Tp+Wjh7MNRFnXhQ=",
    "last_login": "2025-12-27T23:00:19.754Z",
    "is_superuser": false,
    "username": "milena",
    "first_name": "",
    "last_name": "",
    "email": "",
    "is_staff": false,
    "is_active": true,
    "date_joined": "2025-12-27T22:38:19.814Z",
    "groups": [],
    "user_permissions": []
  }
},
{
  "model": "sessions.session",
  "pk": "533s8zgj27g7dlfdiszles0j366u5f7e",
  "fields": {
    "session_data": ".eJxVjDsOwjAQBe_iGln-26Gkzxmi9e4aB1As5VMh7k4ipYD2zcx7iwG2tQ7bwvMwkrgKLS6_WwZ88nQAesB0bxLbtM5jlociT7rIvhG_bqf7d1BhqXvNiC6jAyA2vvjcJYyonS4hJMWsnCLLSAELlVi6rLzu0FpSJu26ieLzBRyyOMM:1p72ba:LAe-slAAK1-8xsaD-1zKhBO4iIlnZX7-u0PFzqwcoKY",
    "expire_date": "2023-01-01T22:58:02.843Z"
  }
},
{
  "model": "sessions.session",
  "pk": "et8qaw410ls1v82uvnv5glj6jo9kdepn",
  "fields": {
    "session_data": ".eJxVjDsOwyAQBe9CHSGMdw1Omd5nQLt8gpMIJGNXUe4eIblI2jcz7y0cHXt2R4ubW4O4ChSX343JP2PpIDyo3Kv0tezbyrIr8qRNLjXE1-10_w4ytdzrcYZ5sgkmGFBRZEOkmHVMxJa1MSYBqgHAMFoiTCNrTagArbHRg_h8AeEWN6I:1vZdGx:VCm8GHCx2E1F-FcPjFNAtadjmeF804N-UusujOhPXL8",
    "expire_date": "2026-01-10T23:00:31.401Z"
  }
},
{
  "model": "blog.category",
  "pk": 1,
  "fields": {
    "title": "День как день",
    "description": "У вас убежало молоко? Вы отразили атаку инопланетян, как и позавчера?\r\nРасскажите, как проходят ваши самые обычные дни.",
    "slug": "routine",
    "is_published": true,
    "created_at": "2022-12-18T23:03:52.159Z"
  }
},
{
  "model": "blog.category",
  "pk": 2,
  "fields": {
    "title": "Здоровье",
    "description": "Как сохранить физическое здоровье, не растеряв душевного спокойствия? Истории о спорте и ЗОЖ, о болезнях и выздоровлениях — пишите в эту категорию!",
    "slug": "health",
    "is_published": true,
    "created_at": "2022-12-18T23:04:21.682Z"
  }
},
{
  "model": "blog.category",
  "pk": 3,
  "fields": {
    "title": "Наблюдения",
    "description": "Мир полон важными событиями и деталями, о которых не пишут в газетах и не говорят по ТВ. Рассказывайте здесь обо всём, что видите вокруг себя!",
    "slug": "details",
    "is_published": true,
    "created_at": "2022-12-18T23:04:48.750Z"
  }
},
{
  "model": "blog.category",
  "pk": 4,
  "fields": {
    "title": "Посиделки",
    "description": "Вечеринки, встречи, симпозиумы и дискуссии — обо всём этом пишите и читайте в категории «Посиделки». Про интересные zoom-конференции тоже можно.",
    "slug": "party",
    "is_published": true,
    "created_at": "2022-12-18T23:05:14.572Z"
  }
},
{
  "model": "blog.category",
  "pk": 5,
  "fields": {
    "title": "Путешествия",
    "description": "Пишите, читайте и обсуждайте рассказы о путешествиях. Здесь рады всем, кто любит странствия и дорожные байки.",
    "slug": "travel",
    "is_published": true,
    "created_at": "2022-12-18T23:05:41.354Z"
  }
},
{
  "model": "blog.category",
  "pk": 6,
  "fields": {
    "title": "Работа",
    "description": "Расскажите о своей работе и о том, что вы делаете сейчас. Это категория для публикаций трудоголиков-экстравертов, добро пожаловать!",
    "slug": "work",
    "is_published": true,
    "created_at": "2022-12-18T23:06:07.543Z"
  }
},
{
  "model": "blog.location",
  "pk": 1,
  "fields": {
    "name": "Байона",
    "is_published": true,
    "created_at": "2022-12-18T23:00:36.479Z"
  }
},
{
  "model": "blog.location",
  "pk": 2,
  "fields": {
    "name": "Биарриц",
    "is_published": true,
    "created_at": "2022-12-18T23:00:51.057Z"
  }
},
{
  "model": "blog.location",
  "pk": 3,
  "fields": {
    "name": "Мелихово",
    "is_published": true,
    "created_at": "2022-12-18T23:01:08.177Z"
  }
},
{
  "model": "blog.location",
  "pk": 4,
  "fields": {
    "name": "Монте-Карло",
    "is_published": true,
    "created_at": "2022-12-18T23:01:15.237Z"
  }
},
{
  "model": "blog.location",
  "pk": 5,
  "fields": {
    "name": "Москва",
    "is_published": true,
    "created_at": "2022-12-18T23:01:34.377Z"
  }
},
{
  "model": "blog.location",
  "pk": 6,
  "fields": {
    "name": "Никольское-Обольяниново",
    "is_published": true,
    "created_at": "2022-12-18T23:01:47.101Z"
  }
},
{
  "model": "blog.location",
  "pk": 7,
  "fields": {
    "name": "Ницца",
    "is_published": true,
    "created_at": "2022-12-18T23:02:04.372Z"
  }
},
{
  "model": "blog.location",
  "pk": 8,
  "fields": {
    "name": "Париж",
    "is_published": true,
    "created_at": "2022-12-18T23:02:08.988Z"
  }
},
{
  "model": "blog.location",
  "pk": 9,
  "fields": {
    "name": "Петербург",
    "is_published": true,
    "created_at": "2022-12-18T23:02:15.074Z"
  }
},
{
  "model": "blog.location",
  "pk": 10,
  "fields": {
    "name": "Серпухов",
    "is_published": true,
    "created_at": "2022-12-18T23:02:34.910Z"
  }
},
{
  "model": "blog.location",
  "pk": 11,
  "fields": {
    "name": "Тверь",
    "is_published": true,
    "created_at": "2022-12-18T23:02:38.961Z"
  }
},
{
  "model": "blog.location",
  "pk": 12,
  "fields": {
    "name": "Торжок",
    "is_published": true,
    "created_at": "2022-12-18T23:02:43.798Z"
  }
},
{
  "model": "blog.post",
  "pk": 1,
  "fields": {
    "title": "Обед",
    "text": "Обед у В. А. Морозовой. Были Чупров, Соболевский, Бларамберг, Саблин и я.",
    "pub_date": "1897-02-13T00:00:00Z",
    "author": 3,
    "location": 5,
    "category": 4,
    "is_published": true,
    "created_at": "2022-12-18T23:06:18.993Z",
    "image": ""
  }
},
{
  "model": "blog.post",
  "pk": 2,
  "fields": {
    "title": "Блины",
    "text": "15 февр. Блины у Солдатенкова. Были только я и Гольцев. Много хороших картин, но почти все они дурно повешены. После блинов поехали к Левитану, у которого Солдатенков купил картину и два этюда за 1 100 р. Знакомство с Поленовым. Вечером был у проф. Остроумова; говорит, что Левитану «не миновать смерти». Сам он болен и, по-видимому, трусит.",
    "pub_date": "1897-02-15T00:00:00Z",
    "author": 3,
    "location": 5,
    "category": 4,
    "is_published": true,
    "created_at": "2022-12-18T23:06:18.995Z",
    "image": ""
  }
},
{
  "model": "blog.post",
  "pk": 3,
  "fields": {
    "title": "Собрались в редакции «Русской мысли»",
    "text": "16 февр. вечером собрались в редакции «Русской мысли», чтобы поговорить о народном театре. Проект Шехтеля всем нравится.",
    "pub_date": "1897-02-16T00:00:00Z",
    "author": 3,
    "location": 5,
    "category": 4,
    "is_published": true,
    "created_at": "2022-12-18T23:06:18.998Z",
    "image": ""
  }
},
{
  "model": "blog.post",
  "pk": 4,
  "fields": {
    "title": "Обед в «Континентале»",
    "text": "19-го февр. обед в «Континентале» в память великой реформы. Скучно и нелепо. Обедать, пить шампанское, галдеть, говорить речи на тему о народном самосознании, о народной совести, свободе и т. п. в то время, когда кругом стола снуют рабы во фраках, те же крепостные, и на улице, на морозе ждут кучера, — это значит лгать святому духу.",
    "pub_date": "1897-02-19T00:00:00Z",
    "author": 3,
    "location": 5,
    "category": 4,
    "is_published": true,
    "created_at": "2022-12-18T23:06:19.001Z",
    "image": ""
  }
},
{
  "model": "blog.post",
  "pk": 5,
  "fields": {
    "title": "Любительский спектакль",
    "text": "22 февр. поехал в Серпухов на любительский спектакль в пользу Новосельской школы. До Царицына меня провожала Ганнеле-Озерова, маленькая королева в изгнании, — актриса, воображающая себя великой, необразованная и немножко вульгарная.",
    "pub_date": "1897-02-22T00:00:00Z",
    "author": 3,
    "location": 10,
    "category": 1,
    "is_published": true,
    "created_at": "2022-12-18T23:06:19.004Z",
    "image": ""
  }
},
{
  "model": "blog.post",
  "pk": 6,
  "fields": {
    "title": "Кровохарканье",
    "text": "С 25 марта по 10 апреля лежал в клинике Остроумова. Кровохарканье. В обеих верхушках хрипы, выдох; в правой притупление. 28 марта приходил ко мне Толстой Л. Н.; говорили о бессмертии. Я рассказал ему содержание рассказа Носилова «Театр у вогулов» — и он, по-видимому, прослушал с большим удовольствием.",
    "pub_date": "1897-04-10T00:00:00Z",
    "author": 3,
    "location": 5,
    "category": 2,
    "is_published": true,
    "created_at": "2022-12-18T23:06:19.006Z",
    "image": ""
  }
},
{
  "model": "blog.post",
  "pk": 7,
  "fields": {
    "title": "Приезжал ко мне Иван Щеглов",
    "text": "Приезжал ко мне Иван Щеглов. Благодарит за чай и обед, извиняется, боится опоздать на поезд, много говорит, часто вспоминает о своей жене, как гоголевский Мижуев, сует для прочтения корректуру своей пьесы — то один лист, то другой, хохочет, бранит Меньшикова, которого «проглотил» Толстой, уверяет, что застрелил бы Стасюлевича, если бы последний в качестве президента республики присутствовал на параде, опять хохочет, пачкает свои усы щами, мало ест — и все-таки в конце концов добрый человек.",
    "pub_date": "1897-05-01T00:00:00Z",
    "author": 3,
    "location": 5,
    "category": 1,
    "is_published": true,
    "created_at": "2022-12-18T23:06:19.009Z",
    "image": ""
  }
},
{
  "model": "blog.post",
  "pk": 8,
  "fields": {
    "title": "Гости",
    "text": "Приходили в гости монахи из монастыря. Приезжала Даша Мусина-Пушкина, вдова инженера Глебова, убитого на охоте, она же Цикада. Много пела.",
    "pub_date": "1897-05-04T00:00:00Z",
    "author": 3,
    "location": 3,
    "category": 1,
    "is_published": true,
    "created_at": "2022-12-18T23:06:19.012Z",
    "image": ""
  }
},
{
  "model": "blog.post",
  "pk": 9,
  "fields": {
    "title": "Две школы",
    "text": "24 мая экзаменовал в Чиркове две школы: Чирковскую и Михайловскую.",
    "pub_date": "1897-05-24T00:00:00Z",
    "author": 3,
    "location": 3,
    "category": 1,
    "is_published": true,
    "created_at": "2022-12-18T23:06:19.015Z",
    "image": ""
  }
},
{
  "model": "blog.post",
  "pk": 10,
  "fields": {
    "title": "Освящение школы в Новоселках",
    "text": "13 июля было освящение школы в Новоселках, которую я строил. Крестьяне поднесли мне образ с надписью. Земство отсутствовало.",
    "pub_date": "1897-07-13T00:00:00Z",
    "author": 3,
    "location": 3,
    "category": 1,
    "is_published": true,
    "created_at": "2022-12-18T23:06:19.018Z",
    "image": ""
  }
},
{
  "model": "blog.post",
  "pk": 11,
  "fields": {
    "title": "Меня пишет художник",
    "text": "Меня пишет художник Браз (для Третьяковской галереи). Позирую по два раза в день.",
    "pub_date": "1897-07-13T00:00:00Z",
    "author": 3,
    "location": 3,
    "category": 1,
    "is_published": true,
    "created_at": "2022-12-18T23:06:19.020Z",
    "image": ""
  }
},
{
  "model": "blog.post",
  "pk": 12,
  "fields": {
    "title": "Медаль",
    "text": "Получил медаль за перепись.",
    "pub_date": "1897-07-22T00:00:00Z",
    "author": 3,
    "location": 9,
    "category": 1,
    "is_published": true,
    "created_at": "2022-12-18T23:06:19.023Z",
    "image": ""
  }
},
{
  "model": "blog.post",
  "pk": 13,
  "fields": {
    "title": "Я в Петербурге",
    "text": "Я в Петербурге. Остановился у Суворина, в зале. Виделся с Вл. Тихоновым, который жаловался на свою истерию и хвалил свои произведения; виделся с П. Гнедичем и с Евт<ихием> Карповым, показывавшим мне, как Лейкин играл испанского гранда.",
    "pub_date": "1897-07-23T00:00:00Z",
    "author": 3,
    "location": 9,
    "category": 1,
    "is_published": true,
    "created_at": "2022-12-18T23:06:19.026Z",
    "image": ""
  }
},
{
  "model": "blog.post",
  "pk": 14,
  "fields": {
    "title": "Клопы",
    "text": "27 июля у Лейкина в Ивановском. 28-го в Москве. В редакции «Русской мысли», в диване клопы.",
    "pub_date": "1897-07-28T00:00:00Z",
    "author": 3,
    "location": 5,
    "category": 3,
    "is_published": true,
    "created_at": "2022-12-18T23:06:19.029Z",
    "image": ""
  }
},
{
  "model": "blog.post",
  "pk": 15,
  "fields": {
    "title": "Париж",
    "text": "Приехал в Париж. Moulin rouge, danse du ventre, Café du Néan с гробами, Café du Ciel и проч.",
    "pub_date": "1897-09-04T00:00:00Z",
    "author": 3,
    "location": 8,
    "category": 5,
    "is_published": true,
    "created_at": "2022-12-18T23:06:19.032Z",
    "image": ""
  }
},
{
  "model": "blog.post",
  "pk": 16,
  "fields": {
    "title": "Здесь много русских",
    "text": "В Биаррице. Здесь В. М. Соболевский и В. А. Морозова. Каждый русский в Биаррице жалуется, что здесь много русских.",
    "pub_date": "1897-09-08T00:00:00Z",
    "author": 3,
    "location": 2,
    "category": 5,
    "is_published": true,
    "created_at": "2022-12-18T23:06:19.034Z",
    "image": ""
  }
},
{
  "model": "blog.post",
  "pk": 17,
  "fields": {
    "title": "Бой с коровами",
    "text": "Байона. Grande course landaise. Бой с коровами.",
    "pub_date": "1897-09-14T00:00:00Z",
    "author": 3,
    "location": 1,
    "category": 5,
    "is_published": true,
    "created_at": "2022-12-18T23:06:19.037Z",
    "image": ""
  }
},
{
  "model": "blog.post",
  "pk": 18,
  "fields": {
    "title": "Дорога",
    "text": "Из Биаррица в Ниццу через Тулузу.",
    "pub_date": "1897-09-22T00:00:00Z",
    "author": 3,
    "location": 7,
    "category": 5,
    "is_published": true,
    "created_at": "2022-12-18T23:06:19.039Z",
    "image": ""
  }
},
{
  "model": "blog.post",
  "pk": 19,
  "fields": {
    "title": "Знакомство с Максимом Ковалевским",
    "text": "Ницца. Поселился в Pension Russe. Знакомство с Максимом Ковалевским, завтраки у него в Beaulieu, в обществе Н. И. Юрасова и художника Якоби. В Монте-Карло.",
    "pub_date": "1897-09-23T00:00:00Z",
    "author": 3,
    "location": 7,
    "category": 4,
    "is_published": true,
    "created_at": "2022-12-18T23:06:19.042Z",
    "image": ""
  }
},
{
  "model": "blog.post",
  "pk": 20,
  "fields": {
    "title": "Признания шпиона",
    "text": "Признания шпиона.",
    "pub_date": "1897-10-07T00:00:00Z",
    "author": 3,
    "location": 7,
    "category": 6,
    "is_published": true,
    "created_at": "2022-12-18T23:06:19.046Z",
    "image": ""
  }
},
{
  "model": "blog.post",
  "pk": 21,
  "fields": {
    "title": "Неприятное зрелище",
    "text": "Видел, как мать Башкирцевой играла в рулетку. Неприятное зрелище.",
    "pub_date": "1897-10-09T00:00:00Z",
    "author": 3,
    "location": 4,
    "category": 3,
    "is_published": true,
    "created_at": "2022-12-18T23:06:19.049Z",
    "image": ""
  }
},
{
  "model": "blog.post",
  "pk": 22,
  "fields": {
    "title": "Кража",
    "text": "Монте-Карло. Я видел, как крупье украл золотой.",
    "pub_date": "1897-11-15T00:00:00Z",
    "author": 3,
    "location": 4,
    "category": 3,
    "is_published": true,
    "created_at": "2022-12-18T23:06:19.052Z",
    "image": ""
  }
},
{
  "model": "blog.post",
  "pk": 23,
  "fields": {
    "title": "Покупки",
    "text": "Приехав от губернатора, я с Гурием Николаевичем отправился для разных покупок. Купили масла чухонского, спирту, колбасы и рыбы. Стерлядь 8 вершков стоит 50 коп. серебром, не дешевле московского. Изготовили стерлядь в паровой кастрюле и поели с большим вкусом. Вечером опять ходили на набережную; все то же, что и вчера, только розовых платков больше. Вода сбыла с лишком на сажень и близ набережной стояли два изящных парохода. Ночь провел еще беспокойнее, чем вчера; теперь чувствую себя довольно хорошо.",
    "pub_date": "1856-04-20T00:00:00Z",
    "author": 4,
    "location": 11,
    "category": 1,
    "is_published": true,
    "created_at": "2022-12-18T23:06:19.055Z",
    "image": ""
  }
},
{
  "model": "blog.post",
  "pk": 24,
  "fields": {
    "title": "Отдохнули",
    "text": "Вчера поутру был у купца Н. Я. Ворошилова, который обещал сообщить разные сведения о судостроении и судоходстве. Заходил к чудаку купцу Лаврову, который может быть полезен по охоте и рыбной ловле. Потом изготовили для себя бифштекс с картофелем и пообедали. После обеда ходили за Тьмаку удить рыбу. Охотников довольно, и, как видно, очень ловких, но берет только уклейка, потому мы, не ловивши и очень уставши, вернулись домой довольно рано. Отдохнули, поужинали и легли спать. Ночь провел несколько покойнее. Я догадался, отчего у меня по ночам бывает волнение: я, после сидячей жизни, вдруг начал делать очень много движения. Вчера я ходил в одном сюртуке, и то было жарко, вечером слышали первый гром, и шел небольшой дождь. На улицах народной жизни совершенно не заметно, песен вовсе не слыхать. Сегодня поутру должен был отправиться первый пароход из Твери с пассажирами; мы встали в 7-м часу и пошли на набережную; но пароход почему-то не пошел. Рядом с двумя первыми стоит третий пароход точно такой же величины и изящества, так что их трудно отличить один от другого. Пришли домой и занялись чаем, явился купец Лавров и между прочими рассказами уведомил нас, что в Твери страшные грабежи. Когда я спросил, отчего не слыхать песен, он отвечал, что полиция гораздо строже смотрит на песни, чем на грабежи.",
    "pub_date": "1856-04-21T00:00:00Z",
    "author": 4,
    "location": 11,
    "category": 4,
    "is_published": true,
    "created_at": "2022-12-18T23:06:19.059Z",
    "image": ""
  }
},
{
  "model": "blog.post",
  "pk": 25,
  "fields": {
    "title": "Ходили за Тьмаку.",
    "text": "В субботу вместе с Лавровым ходили за Тьмаку. Смотрели суконную фабрику, выстроенную компанией московских купцов в огромных; размерах. Берега Тьмаки усеяны рыболовами, которые ловят на удочку уклейку. Один рыбак (вероятно, охотник) ловил рыбу, стоя в маленьком челноке, который имел не более вершка запасу над водой и менее 2 сажен длины. Управляя одним веслом, он закидывал небольшую сеть, узкую и длинную, с поплавками, чтобы она одной стороной держалась на воде, собирал ее, выбирал и бросал в челнок, и все это с неимоверным соблюдением баланса, иначе он непременно должен был опрокинуться и с челноком. Вечер провели дома в разных занятиях. В воскресенье ездили смотреть заволжские кварталы. Вечером был Лавров, наболтал с три короба, -- впрочем, говорил и дело, -- о злоупотреблениях градских голов. Сегодня за дело, довольно гулять. Еду к разным должностным лицам.",
    "pub_date": "1856-04-23T00:00:00Z",
    "author": 4,
    "location": 11,
    "category": 3,
    "is_published": true,
    "created_at": "2022-12-18T23:06:19.062Z",
    "image": ""
  }
},
{
  "model": "blog.post",
  "pk": 26,
  "fields": {
    "title": "Просидел весь день дома",
    "text": "В понедельник утром был у Колышкина. Он еще в Москве. По случаю табельного дня должностные лица были у обедни. Просидел весь день дома. Вчера поутру часов в 6 ходили смотреть, как отходят пароходы, был у Колышкина, он все еще не приезжал. По случаю дурной погоды просидел вечер дома. Сегодня еду опять к Колышкину. Что-то бог даст?",
    "pub_date": "1856-04-25T00:00:00Z",
    "author": 4,
    "location": 11,
    "category": 1,
    "is_published": true,
    "created_at": "2022-12-18T23:06:19.066Z",
    "image": ""
  }
},
{
  "model": "blog.post",
  "pk": 27,
  "fields": {
    "title": "Пообедали в трактире",
    "text": "В середу Колышкина не застал. Пообедали в трактире. В 5-м часу поехал на железную дорогу в надежде встретить Григорьева, Григорьев не приехал. На станции встретил Д. Г. Ржевского, о котором совсем было забыл. Виделся с Краевским, который ехал в Петербург. Вечером был у Ржевского, там возобновил знакомство с Уньковским, с которым познакомился в прошлый приезд в Тверь. Он теперь судьей; человек веселый, открытый и очень умный. В четверг утром был у Колышкина и нашел в нем весьма дельного и милого человека. Он обещал сообщить мне все сведения, какие может. Обедал дома. Вечером играли с Лавровым в карты. Сегодня сижу дома, жду визитов. Вот уже четвертый день ненастная погода мешает мне ловить рыбу, а сегодня даже очень холодно.",
    "pub_date": "1856-04-27T00:00:00Z",
    "author": 4,
    "location": 11,
    "category": 4,
    "is_published": true,
    "created_at": "2022-12-18T23:06:19.068Z",
    "image": ""
  }
},
{
  "model": "blog.post",
  "pk": 28,
  "fields": {
    "title": "Колышкин",
    "text": "Среди дня был Колышкин, привез описание Тверской губернии и обещал доставить в понедельник сведения. Вечером был у Ржевского. Там был Уньковский и учитель Гарусов (чудак естественный); провели время очень приятно. Вчера поутру был дома. Заезжал Уньковский. Обедал у него. Были Ржевский, Гэрусов и Козаков, человек замечательный, хотя тоже чудак. Ездил на дорогу встречать Ганю. Часов в 7 гуляли, показывал ей Тверь. Вечером был Лавров. Сегодня поутру ходили на рынок, купили сморчков, отличные удилища, каких нет в Москве, по 2 копейки серебром.",
    "pub_date": "1856-04-29T00:00:00Z",
    "author": 4,
    "location": 11,
    "category": 4,
    "is_published": true,
    "created_at": "2022-12-18T23:06:19.071Z",
    "image": ""
  }
},
{
  "model": "blog.post",
  "pk": 29,
  "fields": {
    "title": "Ночь не спал",
    "text": "Середа. 2-е мая. 10 часов утра.\r\n(Продолжение). Пообедали дома, потом ходили рыбу ловить. Поймали только двух окуней. Вечером был Лавров, играли в карты. В понедельник до вечера просидел с Ганей дома. Был Уньковский. Вечером ходил не надолго к Колышкину. Там познакомился с Преображенским. Поужинали дома, ночь не спал. Ездил провожать Ганю на дорогу, видели превосходное утро и восход солнца. Поутру гуляли по набережной. После обеда был Преображенский, наговорил много хорошего. Вечером был у Ржевских.",
    "pub_date": "1856-05-02T00:00:00Z",
    "author": 4,
    "location": 11,
    "category": 4,
    "is_published": true,
    "created_at": "2022-12-18T23:06:19.074Z",
    "image": ""
  }
},
{
  "model": "blog.post",
  "pk": 30,
  "fields": {
    "title": "Продолжение",
    "text": "Суббота. 5 мая (продолжение).\r\nВчера по дороге из Городни заезжали в Кошелево к священнику, у которого думали найти документы о Городне, но нашли только то, что уже видел Преображенский. Часа в 2 приехали в Тверь. Вечером был у Уньковского и познакомился там с Потуловым, назначенным губернатором в Оренбург. Сегодня были Уньковский и Лавров, просидел дома. Начал статью о Городне.",
    "pub_date": "1856-05-05T00:00:00Z",
    "author": 4,
    "location": 11,
    "category": 6,
    "is_published": true,
    "created_at": "2022-12-18T23:06:19.077Z",
    "image": ""
  }
},
{
  "model": "blog.post",
  "pk": 31,
  "fields": {
    "title": "Получил Русскую беседу",
    "text": "Получил Русскую беседу и письмо Дрианского, с приложением Городского листка, где подлецы, воспользовавшись моим отсутствием, изблевали новую гадость. Напишу об этом в Московские ведомости. Был очень огорчен и не мог ни за что приняться.",
    "pub_date": "1856-05-06T00:00:00Z",
    "author": 4,
    "location": 11,
    "category": 1,
    "is_published": true,
    "created_at": "2022-12-18T23:06:19.080Z",
    "image": ""
  }
},
{
  "model": "blog.post",
  "pk": 32,
  "fields": {
    "title": "Немного успокоился",
    "text": "Вчера читал Русскую беседу и немного успокоился. Вечером был Колышкин. Сегодня еду в статистический комитет и к губернатору.",
    "pub_date": "1856-05-08T00:00:00Z",
    "author": 4,
    "location": 11,
    "category": 1,
    "is_published": true,
    "created_at": "2022-12-18T23:06:19.083Z",
    "image": ""
  }
},
{
  "model": "blog.post",
  "pk": 33,
  "fields": {
    "title": "Поздравил Колышкина",
    "text": "Вчера у губернатора не был, нельзя было ехать Колышкину. Сегодня был у Колышкина, поздравил его с ангелом. Ездили с ним к губернатору, который принял нас очень хорошо. Обедал у Уньковского, там были Ржевский, инспектор Оренбургской губернии и Козаков; читал \"Свои люди -- сочтемся\".",
    "pub_date": "1856-05-09T00:00:00Z",
    "author": 4,
    "location": 11,
    "category": 4,
    "is_published": true,
    "created_at": "2022-12-18T23:06:19.086Z",
    "image": ""
  }
},
{
  "model": "blog.post",
  "pk": 34,
  "fields": {
    "title": "Полночь. Торжок.",
    "text": "10 мая. 12 часов. Полночь. Торжок.\r\nСегодня поутру собирались. Пообедали, взяли Лаврова с собой и поехали в Торжок.",
    "pub_date": "1856-05-10T00:00:00Z",
    "author": 4,
    "location": 12,
    "category": 5,
    "is_published": true,
    "created_at": "2022-12-18T23:06:19.088Z",
    "image": ""
  }
},
{
  "model": "blog.post",
  "pk": 35,
  "fields": {
    "title": "Ходили по городу",
    "text": "Ходили по городу, который расположен на горах. Вид с бульвара на ту сторону Тверцы выше всякой похвалы. Был городничий. Потом был винный пристав Развадовский (рыболов). Рекомендовался так: честь имею представиться, человек с большими усами и малыми способностями. Замечателен костюм здешних женщин и гулянье девушек по вечерам на бульваре.",
    "pub_date": "1856-05-11T00:00:00Z",
    "author": 4,
    "location": 12,
    "category": 3,
    "is_published": true,
    "created_at": "2022-12-18T23:06:19.091Z",
    "image": ""
  }
},
{
  "model": "blog.post",
  "pk": 36,
  "fields": {
    "title": "Жив. Совершенно здоров.",
    "text": "Жив. Совершенно здоров. Нынче писал доволь[но] хорошо. Вечером после обеда ходил в Щелково. Очень была приятна прогулка при лунном свете. Написал письмо Поше, открытое. Получил письмо от Трегубова. Раздражается за то, что перехватывают письма. А я не досадую. Понял, что надо жалеть их, и истинно жалею. Завтра едем. Мы здесь целый месяц.",
    "pub_date": "1897-03-02T00:00:00Z",
    "author": 2,
    "location": 6,
    "category": 6,
    "is_published": true,
    "created_at": "2022-12-18T23:06:19.094Z",
    "image": ""
  }
},
{
  "model": "blog.post",
  "pk": 37,
  "fields": {
    "title": "Утром почти не занимался",
    "text": "Утром почти не занимался. Запнулся над историческим ходом искусства. Гулял. После обеда поехал. Приехал в 10. Дома хорошо бы, да не дружно.",
    "pub_date": "1897-03-04T00:00:00Z",
    "author": 2,
    "location": 5,
    "category": 1,
    "is_published": true,
    "created_at": "2022-12-18T23:06:19.097Z",
    "image": ""
  }
},
{
  "model": "blog.post",
  "pk": 38,
  "fields": {
    "title": "Батюшки, сколько дней пропустил",
    "text": "Батюшки, сколько дней пропустил. Нынче 9 Мар. Москва. Из этих 4-х дней дня два писал Об искусстве и нынче довольно много. Очень захотелось писать Х[аджи]-М[урата] и как-то хорошо обдумалось — умилительно. От Поши письмо; написал Ч[ерткову] и Кони о страшном событии с Ветровой. Не буду писать, что записано. Всё в том же спокойном, п[отому] ч[то] любовном настроении. Как только хочется огорчиться, устать, вспомню про Бога и про то, что дело мое одно: любить, не думая о том, что будет, и сейчас легко. Таня уезжает в Ясную.",
    "pub_date": "1897-03-09T00:00:00Z",
    "author": 2,
    "location": 5,
    "category": 1,
    "is_published": true,
    "created_at": "2022-12-18T23:06:19.099Z",
    "image": ""
  }
},
{
  "model": "blog.post",
  "pk": 39,
  "fields": {
    "title": "Не дурно прожил",
    "text": "Не дурно прожил. Вижу конец в статье об искусстве. Всё то же спокойствие. Благодарю Бога. Сейчас написал письма. Вечер. Иду в скучную гостин[ую].",
    "pub_date": "1897-03-15T00:00:00Z",
    "author": 2,
    "location": 5,
    "category": 1,
    "is_published": true,
    "created_at": "2022-12-18T23:06:19.102Z",
    "image": ""
  }
},
{
  "model": "blog.post",
  "pk": 40,
  "fields": {
    "title": "fff",
    "text": "aaa",
    "pub_date": "2025-12-27T15:13:00Z",
    "author": 5,
    "location": null,
    "category": 6,
    "is_published": true,
    "created_at": "2025-12-27T12:13:15.976Z",
    "image": "posts_images/Снимок_экрана_2025-11-22_030423.png"
  }
},
{
  "model": "blog.comment",
  "pk": 1,
  "fields": {
    "text": "ffffff",
    "post": 40,
    "author": 5,
    "created_at": "2025-12-27T12:13:24.263Z"
  }
},
{
  "model": "blog.comment",
  "pk": 5,
  "fields": {
    "text": "123",
    "post": 40,
    "author": 5,
    "created_at": "2025-12-27T15:54:51.203Z"
  }
},
{
  "model": "blog.comment",
  "pk": 6,
  "fields": {
    "text": "333",
    "post": 40,
    "author": 5,
    "created_at": "2025-12-27T15:54:55.764Z"
  }
}
]
